Date,Adj Close,UNIX
2020-01-02,5.973632335662842,1577923200
2020-01-03,5.878018856048584,1578009600
2020-01-06,5.902668476104736,1578268800
2020-01-07,5.974131107330322,1578355200
2020-01-08,5.9853363037109375,1578441600
2020-01-09,6.0510711669921875,1578528000
2020-01-10,6.083439350128174,1578614400
2020-01-13,6.274170398712158,1578873600
2020-01-14,6.157142639160156,1578960000
2020-01-15,6.114563941955566,1579046400
2020-01-16,6.198226451873779,1579132800
2020-01-17,6.206941604614258,1579219200
2020-01-21,6.173576831817627,1579564800
2020-01-22,6.2276082038879395,1579651200
2020-01-23,6.296082019805908,1579737600
2020-01-24,6.236821174621582,1579824000
2020-01-27,5.98085355758667,1580083200
2020-01-28,6.1743245124816895,1580169600
2020-01-29,6.11381721496582,1580256000
2020-01-30,6.120540618896484,1580342400
2020-01-31,5.886981964111328,1580428800
2020-02-03,5.9840898513793945,1580688000
2020-02-04,6.153407573699951,1580774400
2020-02-05,6.24379301071167,1580860800
2020-02-06,6.330690860748291,1580947200
2020-02-07,6.264459133148193,1581033600
2020-02-10,6.547815799713135,1581292800
2020-02-11,6.670321464538574,1581379200
2020-02-12,6.786102771759033,1581465600
2020-02-13,6.742279529571533,1581552000
2020-02-14,7.2156195640563965,1581638400
2020-02-18,7.384437084197998,1581984000
2020-02-19,7.835864543914795,1582070400
2020-02-20,7.686468124389648,1582156800
2020-02-21,7.322188854217529,1582243200
2020-02-24,6.804529666900635,1582502400
2020-02-25,6.524907112121582,1582588800
2020-02-26,6.664344787597656,1582675200
2020-02-27,6.293369770050049,1582761600
2020-02-28,6.728622913360596,1582848000
2020-03-02,6.887078762054443,1583107200
2020-03-03,6.624481201171875,1583193600
2020-03-04,7.088387489318848,1583280000
2020-03-05,6.808847904205322,1583366400
2020-03-06,6.628217697143555,1583452800
2020-03-09,6.114982604980469,1583712000
2020-03-10,6.504643440246582,1583798400
2020-03-11,6.140644073486328,1583884800
2020-03-12,5.389227867126465,1583971200
2020-03-13,6.000375747680664,1584057600
2020-03-16,4.893181324005127,1584316800
2020-03-17,5.413145065307617,1584403200
2020-03-18,5.0531325340271,1584489600
2020-03-19,5.306013584136963,1584576000
2020-03-20,5.126132011413574,1584662400
2020-03-23,5.299036026000977,1584921600
2020-03-24,6.208162784576416,1585008000
2020-03-25,6.119467258453369,1585094400
2020-03-26,6.40897274017334,1585180800
2020-03-27,6.296608924865723,1585267200
2020-03-30,6.617007732391357,1585526400
2020-03-31,6.567428112030029,1585612800
2020-04-01,6.055935859680176,1585699200
2020-04-02,6.364873886108398,1585785600
2020-04-03,6.076864719390869,1585872000
2020-04-06,6.687017440795898,1586131200
2020-04-07,6.453568458557129,1586217600
2020-04-08,6.650890350341797,1586304000
2020-04-09,6.551233768463135,1586390400
2020-04-13,6.723142147064209,1586736000
2020-04-14,7.074434757232666,1586822400
2020-04-15,6.996950626373291,1586908800
2020-04-16,7.342264652252197,1586995200
2020-04-17,7.282968521118164,1587081600
2020-04-20,7.151669025421143,1587340800
2020-04-21,6.714672565460205,1587427200
2020-04-22,7.129246234893799,1587513600
2020-04-23,7.075930595397949,1587600000
2020-04-24,7.214951992034912,1587686400
2020-04-27,7.401560306549072,1587945600
2020-04-28,7.2590508460998535,1588032000
2020-04-29,7.435941696166992,1588118400
2020-04-30,7.2819719314575195,1588204800
2020-05-01,7.045286178588867,1588291200
2020-05-04,7.257306098937988,1588550400
2020-05-05,7.318346977233887,1588636800
2020-05-06,7.419249534606934,1588723200
2020-05-07,7.595643997192383,1588809600
2020-05-08,7.785740375518799,1588896000
2020-05-11,8.037872314453125,1589155200
2020-05-12,7.7757744789123535,1589241600
2020-05-13,7.75335168838501,1589328000
2020-05-14,8.002994537353516,1589414400
2020-05-15,8.461668014526367,1589500800
2020-05-18,8.720277786254883,1589760000
2020-05-19,8.77534008026123,1589846400
2020-05-20,8.939276695251465,1589932800
2020-05-21,8.745192527770996,1590019200
2020-05-22,8.995333671569824,1590105600
2020-05-26,8.687889099121094,1590451200
2020-05-27,8.496049880981445,1590537600
2020-05-28,8.457931518554688,1590624000
2020-05-29,8.845100402832031,1590710400
2020-06-01,8.776087760925293,1590969600
2020-06-02,8.795021057128906,1591056000
2020-06-03,8.739460945129395,1591142400
2020-06-04,8.740460395812988,1591228800
2020-06-05,8.89350414276123,1591315200
2020-06-08,8.77884578704834,1591574400
2020-06-09,9.019131660461426,1591660800
2020-06-10,9.338926315307617,1591747200
2020-06-11,8.770122528076172,1591833600
2020-06-12,8.905965805053711,1591920000
2020-06-15,9.146500587463379,1592179200
2020-06-16,9.041563034057617,1592265600
2020-06-17,9.208564758300781,1592352000
2020-06-18,9.190617561340332,1592438400
2020-06-19,9.233736991882324,1592524800
2020-06-22,9.498451232910156,1592784000
2020-06-23,9.421929359436035,1592870400
2020-06-24,9.2080659866333,1592956800
2020-06-25,9.461811065673828,1593043200
2020-06-26,9.12780475616455,1593129600
2020-06-29,9.1726713180542,1593388800
2020-06-30,9.469539642333984,1593475200
2020-07-01,9.501692771911621,1593561600
2020-07-02,9.583697319030762,1593648000
2020-07-06,9.810022354125977,1593993600
2020-07-07,9.842424392700195,1594080000
2020-07-08,10.185654640197754,1594166400
2020-07-09,10.477784156799316,1594252800
2020-07-10,10.448121070861816,1594339200
2020-07-13,10.022391319274902,1594598400
2020-07-14,10.346175193786621,1594684800
2020-07-15,10.19687271118164,1594771200
2020-07-16,10.104646682739258,1594857600
2020-07-17,10.171198844909668,1594944000
2020-07-20,10.479528427124023,1595203200
2020-07-21,10.297818183898926,1595289600
2020-07-22,10.407743453979492,1595376000
2020-07-23,10.09965991973877,1595462400
2020-07-24,10.16421890258789,1595548800
2020-07-27,10.390543937683105,1595808000
2020-07-28,10.185154914855957,1595894400
2020-07-29,10.434412956237793,1595980800
2020-07-30,10.582472801208496,1596067200
2020-07-31,10.583220481872559,1596153600
2020-08-03,10.977544784545898,1596412800
2020-08-04,11.194400787353516,1596499200
2020-08-05,11.25322437286377,1596585600
2020-08-06,11.30182933807373,1596672000
2020-08-07,11.166232109069824,1596758400
2020-08-10,11.131834983825684,1597017600
2020-08-11,10.817770004272461,1597104000
2020-08-12,11.406269073486328,1597190400
2020-08-13,11.409008979797363,1597276800
2020-08-14,11.529650688171387,1597363200
2020-08-17,12.300353050231934,1597622400
2020-08-18,12.224329948425293,1597708800
2020-08-19,12.102444648742676,1597795200
2020-08-20,12.104936599731445,1597881600
2020-08-21,12.645825386047363,1597968000
2020-08-24,12.682464599609375,1598227200
2020-08-25,12.712127685546875,1598313600
2020-08-26,12.735057830810547,1598400000
2020-08-27,12.590738296508789,1598486400
2020-08-28,13.108695983886719,1598572800
2020-08-31,13.334771156311035,1598832000
2020-09-01,13.784070014953613,1598918400
2020-09-02,14.308162689208984,1599004800
2020-09-03,12.980720520019531,1599091200
2020-09-04,12.588770866394043,1599177600
2020-09-08,11.8811674118042,1599523200
2020-09-09,12.681023597717285,1599609600
2020-09-10,12.278852462768555,1599696000
2020-09-11,12.131994247436523,1599782400
2020-09-14,12.83785343170166,1600041600
2020-09-15,12.956286430358887,1600128000
2020-09-16,12.481060028076172,1600214400
2020-09-17,12.430195808410645,1600300800
2020-09-18,12.156679153442383,1600387200
2020-09-21,12.483803749084473,1600646400
2020-09-22,12.603979110717773,1600732800
2020-09-23,12.091351509094238,1600819200
2020-09-24,12.315004348754883,1600905600
2020-09-25,12.839348793029785,1600992000
2020-09-28,13.000168800354004,1601251200
2020-09-29,13.190409660339355,1601337600
2020-09-30,13.494345664978027,1601424000
2020-10-01,13.578119277954102,1601510400
2020-10-02,13.02734661102295,1601596800
2020-10-05,13.60604476928711,1601856000
2020-10-06,13.699792861938477,1601942400
2020-10-07,13.92668628692627,1602028800
2020-10-08,13.80176830291748,1602115200
2020-10-09,13.72597599029541,1602201600
2020-10-12,14.18798828125,1602460800
2020-10-13,14.21017837524414,1602547200
2020-10-14,14.057585716247559,1602633600
2020-10-15,13.932669639587402,1602720000
2020-10-16,13.774592399597168,1602806400
2020-10-19,13.461681365966797,1603065600
2020-10-20,13.609037399291992,1603152000
2020-10-21,13.488608360290527,1603238400
2020-10-22,13.325298309326172,1603324800
2020-10-23,13.553935050964355,1603411200
2020-10-26,13.106135368347168,1603670400
2020-10-27,13.36095142364502,1603756800
2020-10-28,12.593259811401367,1603843200
2020-10-29,12.989197731018066,1603929600
2020-10-30,12.500507354736328,1604016000
2020-11-02,12.54713249206543,1604275200
2020-11-03,12.984709739685059,1604361600
2020-11-04,13.757390022277832,1604448000
2020-11-05,14.122162818908691,1604534400
2020-11-06,14.523089408874512,1604620800
2020-11-09,13.594327926635742,1604880000
2020-11-10,12.735876083374023,1604966400
2020-11-11,13.382144927978516,1605052800
2020-11-12,13.420790672302246,1605139200
2020-11-13,13.261467933654785,1605225600
2020-11-16,13.479135513305664,1605484800
2020-11-17,13.386385917663574,1605571200
2020-11-18,13.392866134643555,1605657600
2020-11-19,13.404335975646973,1605744000
2020-11-20,13.052777290344238,1605830400
2020-11-23,13.104888916015625,1606089600
2020-11-24,12.923126220703125,1606176000
2020-11-25,13.199384689331055,1606262400
2020-11-27,13.225814819335938,1606435200
2020-11-30,13.365689277648926,1606694400
2020-12-01,13.354220390319824,1606780800
2020-12-02,13.508309364318848,1606867200
2020-12-03,13.364151000976562,1606953600
2020-12-04,13.526015281677246,1607040000
2020-12-07,13.574399948120117,1607299200
2020-12-08,13.31826114654541,1607385600
2020-12-09,12.900006294250488,1607472000
2020-12-10,12.94140911102295,1607558400
2020-12-11,12.982312202453613,1607644800
2020-12-14,13.277109146118164,1607904000
2020-12-15,13.328736305236816,1607990400
2020-12-16,13.211015701293945,1608076800
2020-12-17,13.309531211853027,1608163200
2020-12-18,13.240446090698242,1608249600
2020-12-21,13.300553321838379,1608508800
2020-12-22,13.24668025970459,1608595200
2020-12-23,12.978321075439453,1608681600
2020-12-24,12.962857246398926,1608768000
2020-12-28,12.869330406188965,1609113600
2020-12-29,12.912476539611816,1609200000
2020-12-30,13.114495277404785,1609286400
2020-12-31,13.02396011352539,1609372800
2021-01-04,13.08232307434082,1609718400
2021-01-05,13.372879028320312,1609804800
2021-01-06,12.58450984954834,1609891200
2021-01-07,13.312275886535645,1609977600
2021-01-08,13.245185852050781,1610064000
2021-01-11,13.58911418914795,1610323200
2021-01-12,13.452691078186035,1610409600
2021-01-13,13.499576568603516,1610496000
2021-01-14,13.168867111206055,1610582400
2021-01-15,12.828926086425781,1610668800
2021-01-19,12.994282722473145,1611014400
2021-01-20,13.333972930908203,1611100800
2021-01-21,13.8345308303833,1611187200
2021-01-22,13.679899215698242,1611273600
2021-01-25,13.62078857421875,1611532800
2021-01-26,13.403307914733887,1611619200
2021-01-27,12.887040138244629,1611705600
2021-01-28,13.01997184753418,1611792000
2021-01-29,12.958868026733398,1611878400
2021-02-01,13.205530166625977,1612137600
2021-02-02,13.524519920349121,1612224000
2021-02-03,13.498332977294922,1612310400
2021-02-04,13.63176441192627,1612396800
2021-02-05,13.558685302734375,1612483200
2021-02-08,14.40442180633545,1612742400
2021-02-09,14.229338645935059,1612828800
2021-02-10,14.729147911071777,1612915200
2021-02-11,15.21449089050293,1613001600
2021-02-12,14.925679206848145,1613088000
2021-02-16,15.293800354003906,1613433600
2021-02-17,14.870560646057129,1613520000
2021-02-18,14.793744087219238,1613606400
2021-02-19,14.891012191772461,1613692800
2021-02-22,14.321619033813477,1613952000
2021-02-23,14.108377456665039,1614038400
2021-02-24,14.464527130126953,1614124800
2021-02-25,13.275859832763672,1614211200
2021-02-26,13.68189525604248,1614297600
2021-03-01,13.80884075164795,1614556800
2021-03-02,13.374377250671387,1614643200
2021-03-03,12.774307250976562,1614729600
2021-03-04,12.340838432312012,1614816000
2021-03-05,12.431873321533203,1614902400
2021-03-08,11.56568717956543,1615161600
2021-03-09,12.494793891906738,1615248000
2021-03-10,12.442900657653809,1615334400
2021-03-11,12.967082023620605,1615420800
2021-03-12,12.829861640930176,1615507200
2021-03-15,13.1644287109375,1615766400
2021-03-16,13.264225959777832,1615852800
2021-03-17,13.314125061035156,1615939200
2021-03-18,12.696632385253906,1616025600
2021-03-19,12.819632530212402,1616112000
2021-03-22,13.159440040588379,1616371200
2021-03-23,13.044174194335938,1616457600
2021-03-24,12.61729621887207,1616544000
2021-03-25,12.509765625,1616630400
2021-03-26,12.81314468383789,1616716800
2021-03-29,12.921924591064453,1616976000
2021-03-30,12.845580101013184,1617062400
2021-03-31,13.321110725402832,1617148800
2021-04-01,13.78366756439209,1617235200
2021-04-05,13.959061622619629,1617580800
2021-04-06,13.833317756652832,1617667200
2021-04-07,14.114745140075684,1617753600
2021-04-08,14.287893295288086,1617840000
2021-04-09,14.370722770690918,1617926400
2021-04-12,15.178078651428223,1618185600
2021-04-13,15.647621154785156,1618272000
2021-04-14,15.245940208435059,1618358400
2021-04-15,16.104442596435547,1618444800
2021-04-16,15.880146980285645,1618531200
2021-04-19,15.330516815185547,1618790400
2021-04-20,15.140406608581543,1618876800
2021-04-21,15.32927131652832,1618963200
2021-04-22,14.820058822631836,1619049600
2021-04-23,15.234213829040527,1619136000
2021-04-26,15.446533203125,1619395200
2021-04-27,15.35047721862793,1619481600
2021-04-28,15.245689392089844,1619568000
2021-04-29,15.29359245300293,1619654400
2021-04-30,14.978982925415039,1619740800
2021-05-03,14.806585311889648,1620000000
2021-05-04,14.322072982788086,1620086400
2021-05-05,14.429104804992676,1620172800
2021-05-06,14.493474006652832,1620259200
2021-05-07,14.782135009765625,1620345600
2021-05-10,14.23674488067627,1620604800
2021-05-11,14.2771635055542,1620691200
2021-05-12,13.7305269241333,1620777600
2021-05-13,13.637467384338379,1620864000
2021-05-14,14.214042663574219,1620950400
2021-05-17,14.136699676513672,1621209600
2021-05-18,13.987253189086914,1621296000
2021-05-19,14.037152290344238,1621382400
2021-05-20,14.582791328430176,1621468800
2021-05-21,14.96126937866211,1621555200
2021-05-24,15.580259323120117,1621814400
2021-05-25,15.615935325622559,1621900800
2021-05-26,15.668078422546387,1621987200
2021-05-27,15.456510543823242,1622073600
2021-05-28,16.211471557617188,1622160000
2021-06-01,16.23143196105957,1622505600
2021-06-02,16.744136810302734,1622592000
2021-06-03,16.93524742126465,1622678400
2021-06-04,17.542509078979492,1622764800
2021-06-07,17.58317756652832,1623024000
2021-06-08,17.4215087890625,1623110400
2021-06-09,17.326927185058594,1623196800
2021-06-10,17.3935546875,1623283200
2021-06-11,17.793088912963867,1623369600
2021-06-14,17.986234664916992,1623628800
2021-06-15,17.756399154663086,1623715200
2021-06-16,17.778114318847656,1623801600
2021-06-17,18.62358283996582,1623888000
2021-06-18,18.605119705200195,1623974400
2021-06-21,18.393999099731445,1624233600
2021-06-22,18.8526668548584,1624320000
2021-06-23,19.02286148071289,1624406400
2021-06-24,19.17084503173828,1624492800
2021-06-25,18.996658325195312,1624579200
2021-06-28,19.94894027709961,1624838400
2021-06-29,19.99061393737793,1624924800
2021-06-30,19.96640968322754,1625011200
2021-07-01,20.175527572631836,1625097600
2021-07-02,20.450031280517578,1625184000
2021-07-06,20.66115379333496,1625529600
2021-07-07,20.334991455078125,1625616000
2021-07-08,19.866836547851562,1625702400
2021-07-09,20.01407241821289,1625788800
2021-07-12,20.475486755371094,1626048000
2021-07-13,20.213459014892578,1626134400
2021-07-14,19.805696487426758,1626220800
2021-07-15,18.93202781677246,1626307200
2021-07-16,18.12822914123535,1626393600
2021-07-19,18.745866775512695,1626652800
2021-07-20,18.578418731689453,1626739200
2021-07-21,19.374975204467773,1626825600
2021-07-22,19.55864715576172,1626912000
2021-07-23,19.522706985473633,1626998400
2021-07-26,19.259187698364258,1627257600
2021-07-27,19.173337936401367,1627344000
2021-07-28,19.46780776977539,1627430400
2021-07-29,19.626522064208984,1627516800
2021-07-30,19.46381950378418,1627603200
2021-08-02,19.7143611907959,1627862400
2021-08-03,19.77924346923828,1627948800
2021-08-04,20.23741912841797,1628035200
2021-08-05,20.599760055541992,1628121600
2021-08-06,20.329248428344727,1628208000
2021-08-09,20.258378982543945,1628467200
2021-08-10,19.900028228759766,1628553600
2021-08-11,19.663454055786133,1628640000
2021-08-12,19.869083404541016,1628726400
2021-08-13,20.15157127380371,1628812800
2021-08-16,19.914003372192383,1629072000
2021-08-17,19.422887802124023,1629158400
2021-08-18,19.005643844604492,1629244800
2021-08-19,19.762277603149414,1629331200
2021-08-20,20.778440475463867,1629417600
2021-08-23,21.918380737304688,1629676800
2021-08-24,21.753679275512695,1629763200
2021-08-25,22.17291831970215,1629849600
2021-08-26,22.028181076049805,1629936000
2021-08-27,22.59515380859375,1630022400
2021-08-30,22.64706039428711,1630281600
2021-08-31,22.348546981811523,1630368000
2021-09-01,22.404457092285156,1630454400
2021-09-02,22.359529495239258,1630540800
2021-09-03,22.80580711364746,1630627200
2021-09-07,22.625097274780273,1630972800
2021-09-08,22.302621841430664,1631059200
2021-09-09,22.140886306762695,1631145600
2021-09-10,22.441394805908203,1631232000
2021-09-13,22.11592674255371,1631491200
2021-09-14,22.205780029296875,1631577600
2021-09-15,22.30461883544922,1631664000
2021-09-16,22.205780029296875,1631750400
2021-09-17,21.864337921142578,1631836800
2021-09-20,21.0786190032959,1632096000
2021-09-21,21.211400985717773,1632182400
2021-09-22,21.905269622802734,1632268800
2021-09-23,22.445390701293945,1632355200
2021-09-24,22.045040130615234,1632441600
2021-09-27,21.62472915649414,1632700800
2021-09-28,20.66529083251953,1632787200
2021-09-29,20.483592987060547,1632873600
2021-09-30,20.68226432800293,1632960000
2021-10-01,20.708219528198242,1633046400
2021-10-04,19.699871063232422,1633305600
2021-10-05,20.417695999145508,1633392000
2021-10-06,20.666290283203125,1633478400
2021-10-07,21.040681838989258,1633564800
2021-10-08,20.79707908630371,1633651200
2021-10-11,20.66130256652832,1633910400
2021-10-12,20.63733673095703,1633996800
2021-10-13,20.9049015045166,1634083200
2021-10-14,21.710588455200195,1634169600
2021-10-15,21.826398849487305,1634256000
2021-10-18,22.18581199645996,1634515200
2021-10-19,22.25370216369629,1634601600
2021-10-20,22.06700897216797,1634688000
2021-10-21,22.655048370361328,1634774400
2021-10-22,22.688995361328125,1634860800
2021-10-25,23.128276824951172,1635120000
2021-10-26,24.676748275756836,1635206400
2021-10-27,24.411182403564453,1635292800
2021-10-28,24.90038299560547,1635379200
2021-10-29,25.525365829467773,1635465600
2021-11-01,25.78493881225586,1635724800
2021-11-02,26.358007431030273,1635811200
2021-11-03,26.554685592651367,1635897600
2021-11-04,29.752470016479492,1635984000
2021-11-05,29.70355224609375,1636070400
2021-11-08,30.75383758544922,1636329600
2021-11-09,30.60707664489746,1636416000
2021-11-10,29.411029815673828,1636502400
2021-11-11,30.340511322021484,1636588800
2021-11-12,30.340511322021484,1636675200
2021-11-15,29.97610092163086,1636934400
2021-11-16,30.153818130493164,1637020800
2021-11-17,29.213348388671875,1637107200
2021-11-18,31.6234188079834,1637193600
2021-11-19,32.9312858581543,1637280000
2021-11-22,31.903959274291992,1637539200
2021-11-23,31.694305419921875,1637625600
2021-11-24,32.620792388916016,1637712000
2021-11-26,31.451702117919922,1637884800
2021-11-29,33.321651458740234,1638144000
2021-11-30,32.6227912902832,1638230400
2021-12-01,31.387651443481445,1638316800
2021-12-02,32.077613830566406,1638403200
2021-12-03,30.646772384643555,1638489600
2021-12-06,29.99176025390625,1638748800
2021-12-07,32.3781623840332,1638835200
2021-12-08,31.77806854248047,1638921600
2021-12-09,30.44407844543457,1639008000
2021-12-10,30.152517318725586,1639094400
2021-12-13,28.11858558654785,1639353600
2021-12-14,28.29431915283203,1639440000
2021-12-15,30.41312599182129,1639526400
2021-12-16,28.3442440032959,1639612800
2021-12-17,27.759126663208008,1639699200
2021-12-20,27.6772518157959,1639958400
2021-12-21,29.03120994567871,1640044800
2021-12-22,29.355716705322266,1640131200
2021-12-23,29.595359802246094,1640217600
2021-12-27,30.898391723632812,1640563200
2021-12-28,30.276330947875977,1640649600
2021-12-29,29.955814361572266,1640736000
2021-12-30,29.54143714904785,1640822400
2021-12-31,29.36669921875,1640908800
2022-01-03,30.075634002685547,1641168000
2022-01-04,29.245885848999023,1641254400
2022-01-05,27.562423706054688,1641340800
2022-01-06,28.13555908203125,1641427200
2022-01-07,27.205963134765625,1641513600
2022-01-10,27.35873031616211,1641772800
2022-01-11,27.775104522705078,1641859200
2022-01-12,27.956830978393555,1641945600
2022-01-13,26.534975051879883,1642032000
2022-01-14,26.901418685913086,1642118400
2022-01-18,25.86398696899414,1642464000
2022-01-19,25.02924346923828,1642550400
2022-01-20,24.113624572753906,1642636800
2022-01-21,23.338794708251953,1642723200
2022-01-24,23.33679962158203,1642982400
2022-01-25,22.290374755859375,1643068800
2022-01-26,22.737699508666992,1643155200
2022-01-27,21.910947799682617,1643241600
2022-01-28,22.805601119995117,1643328000
2022-01-31,24.44911766052246,1643587200
2022-02-01,24.600893020629883,1643673600
2022-02-02,25.203981399536133,1643760000
2022-02-03,23.91193199157715,1643846400
2022-02-04,24.282371520996094,1643932800
2022-02-07,24.69075584411621,1644192000
2022-02-08,25.07018280029297,1644278400
2022-02-09,26.664777755737305,1644364800
2022-02-10,25.78510284423828,1644451200
2022-02-11,23.912925720214844,1644537600
2022-02-14,24.230451583862305,1644796800
2022-02-15,26.455095291137695,1644883200
2022-02-16,26.471071243286133,1644969600
2022-02-17,24.47008514404297,1645056000
2022-02-18,23.60638999938965,1645142400
2022-02-22,23.354768753051758,1645488000
2022-02-23,22.353281021118164,1645574400
2022-02-24,23.712228775024414,1645660800
2022-02-25,24.12061309814453,1645747200
2022-02-28,24.3482723236084,1646006400
2022-03-01,23.441638946533203,1646092800
2022-03-02,24.18764305114746,1646179200
2022-03-03,23.682315826416016,1646265600
2022-03-04,22.90535545349121,1646352000
2022-03-07,21.32347297668457,1646611200
2022-03-08,21.48525619506836,1646697600
2022-03-09,22.983251571655273,1646784000
2022-03-10,22.627727508544922,1646870400
2022-03-11,22.07047462463379,1646956800
2022-03-14,21.301502227783203,1647216000
2022-03-15,22.942304611206055,1647302400
2022-03-16,24.463272094726562,1647388800
2022-03-17,24.73291015625,1647475200
2022-03-18,26.41765594482422,1647561600
2022-03-21,26.698280334472656,1647820800
2022-03-22,26.48856544494629,1647907200
2022-03-23,25.59975242614746,1647993600
2022-03-24,28.112390518188477,1648080000
2022-03-25,27.655000686645508,1648166400
2022-03-28,28.181299209594727,1648425600
2022-03-29,28.617713928222656,1648512000
2022-03-30,27.653005599975586,1648598400
2022-03-31,27.249542236328125,1648684800
2022-04-01,26.676313400268555,1648771200
2022-04-04,27.32344627380371,1649030400
2022-04-05,25.89635467529297,1649116800
2022-04-06,24.3743896484375,1649203200
2022-04-07,24.175657272338867,1649289600
2022-04-08,23.08811378479004,1649376000
2022-04-11,21.887718200683594,1649635200
2022-04-12,21.47526741027832,1649721600
2022-04-13,22.1733341217041,1649808000
2022-04-14,21.229595184326172,1649894400
2022-04-18,21.7539005279541,1650240000
2022-04-19,22.1683406829834,1650326400
2022-04-20,21.453296661376953,1650412800
2022-04-21,20.156034469604492,1650499200
2022-04-22,19.488927841186523,1650585600
2022-04-25,19.875410079956055,1650844800
2022-04-26,18.762897491455078,1650931200
2022-04-27,18.39039421081543,1651017600
2022-04-28,19.75556755065918,1651104000
2022-04-29,18.522218704223633,1651190400
2022-05-02,19.506906509399414,1651449600
2022-05-03,19.575809478759766,1651536000
2022-05-04,20.30683135986328,1651622400
2022-05-05,18.818822860717773,1651708800
2022-05-06,18.650047302246094,1651795200
2022-05-09,16.92735481262207,1652054400
2022-05-10,17.571491241455078,1652140800
2022-05-11,16.607778549194336,1652227200
2022-05-12,16.15338897705078,1652313600
2022-05-13,17.682344436645508,1652400000
2022-05-16,17.240936279296875,1652659200
2022-05-17,18.152711868286133,1652745600
2022-05-18,16.91537094116211,1652832000
2022-05-19,17.101119995117188,1652918400
2022-05-20,16.671695709228516,1653004800
2022-05-23,16.87542724609375,1653264000
2022-05-24,16.132413864135742,1653350400
2022-05-25,16.952322006225586,1653436800
2022-05-26,17.827146530151367,1653523200
2022-05-27,18.78586769104004,1653609600
2022-05-31,18.64705467224121,1653955200
2022-06-01,18.295522689819336,1654041600
2022-06-02,19.56582260131836,1654128000
2022-06-03,18.694988250732422,1654214400
2022-06-06,18.76089859008789,1654473600
2022-06-07,18.900714874267578,1654560000
2022-06-08,18.627025604248047,1654646400
2022-06-09,18.02769660949707,1654732800
2022-06-10,16.954904556274414,1654819200
2022-06-13,15.629400253295898,1655078400
2022-06-14,15.818185806274414,1655164800
2022-06-15,16.50840950012207,1655251200
2022-06-16,15.583450317382812,1655337600
2022-06-17,15.862135887145996,1655424000
2022-06-21,16.547367095947266,1655769600
2022-06-22,16.341598510742188,1655856000
2022-06-23,16.20674705505371,1655942400
2022-06-24,17.106735229492188,1656028800
2022-06-27,16.85002326965332,1656288000
2022-06-28,15.964020729064941,1656374400
2022-06-29,15.524517059326172,1656460800
2022-06-30,15.141948699951172,1656547200
2022-07-01,14.506662368774414,1656633600
2022-07-05,14.947165489196777,1656979200
2022-07-06,15.112979888916016,1657065600
2022-07-07,15.840160369873047,1657152000
2022-07-08,15.820182800292969,1657238400
2022-07-11,15.134955406188965,1657497600
2022-07-12,15.065032005310059,1657584000
2022-07-13,15.146941184997559,1657670400
2022-07-14,15.354706764221191,1657756800
2022-07-15,15.744268417358398,1657843200
2022-07-18,16.082889556884766,1658102400
2022-07-19,16.972883224487305,1658188800
2022-07-20,17.78696632385254,1658275200
2022-07-21,18.029695510864258,1658361600
2022-07-22,17.299518585205078,1658448000
2022-07-25,17.004846572875977,1658707200
2022-07-26,16.514402389526367,1658793600
2022-07-27,17.769989013671875,1658880000
2022-07-28,17.96377182006836,1658966400
2022-07-29,18.142568588256836,1659052800
2022-08-01,18.420255661010742,1659312000
2022-08-02,18.505159378051758,1659398400
2022-08-03,18.871747970581055,1659484800
2022-08-04,19.193384170532227,1659571200
2022-08-05,18.96763801574707,1659657600
2022-08-08,17.772985458374023,1659916800
2022-08-09,17.0667781829834,1660003200
2022-08-10,18.076641082763672,1660089600
2022-08-11,17.921817779541016,1660176000
2022-08-12,18.687950134277344,1660262400
2022-08-15,19.010591506958008,1660521600
2022-08-16,18.857763290405273,1660608000
2022-08-17,18.314374923706055,1660694400
2022-08-18,18.75188636779785,1660780800
2022-08-19,17.828922271728516,1660867200
2022-08-22,17.01483917236328,1661126400
2022-08-23,17.161670684814453,1661212800
2022-08-24,17.20262908935547,1661299200
2022-08-25,17.89284896850586,1661385600
2022-08-26,16.24170684814453,1661472000
2022-08-29,15.783224105834961,1661731200
2022-08-30,15.450600624084473,1661817600
2022-08-31,15.077020645141602,1661904000
2022-09-01,13.9213228225708,1661990400
2022-09-02,13.631649017333984,1662076800
2022-09-06,13.44985294342041,1662422400
2022-09-07,13.702643394470215,1662508800
2022-09-08,13.978413581848145,1662595200
2022-09-09,14.375085830688477,1662681600
2022-09-12,14.492989540100098,1662940800
2022-09-13,13.120124816894531,1663027200
2022-09-14,13.1171293258667,1663113600
2022-09-15,12.918293952941895,1663200000
2022-09-16,13.1870698928833,1663286400
2022-09-19,13.370918273925781,1663545600
2022-09-20,13.165087699890137,1663632000
2022-09-21,13.250018119812012,1663718400
2022-09-22,12.550596237182617,1663804800
2022-09-23,12.505634307861328,1663891200
2022-09-26,12.217874526977539,1664150400
2022-09-27,12.402722358703613,1664236800
2022-09-28,12.725452423095703,1664323200
2022-09-29,12.209879875183105,1664409600
2022-09-30,12.128947257995605,1664496000
2022-10-03,12.501639366149902,1664755200
2022-10-04,13.156095504760742,1664841600
2022-10-05,13.198060989379883,1664928000
2022-10-06,13.119125366210938,1665014400
2022-10-07,12.065999984741211,1665100800
2022-10-10,11.660335540771484,1665360000
2022-10-11,11.57640552520752,1665446400
2022-10-12,11.490477561950684,1665532800
2022-10-13,11.950095176696777,1665619200
2022-10-14,11.217703819274902,1665705600
2022-10-17,11.878154754638672,1665964800
2022-10-18,11.957091331481934,1666051200
2022-10-19,12.041020393371582,1666137600
2022-10-20,12.1839017868042,1666224000
2022-10-21,12.455677032470703,1666310400
2022-10-24,12.588566780090332,1666569600
2022-10-25,13.250018119812012,1666656000
2022-10-26,12.885321617126465,1666742400
2022-10-27,13.165087699890137,1666828800
2022-10-28,13.822545051574707,1666915200
2022-10-31,13.485823631286621,1667174400
2022-11-01,13.531785011291504,1667260800
2022-11-02,13.208053588867188,1667347200
2022-11-03,13.409884452819824,1667433600
2022-11-04,14.14427661895752,1667520000
2022-11-07,14.289158821105957,1667779200
2022-11-08,14.589908599853516,1667865600
2022-11-09,13.764593124389648,1667952000
2022-11-10,15.736958503723145,1668038400
2022-11-11,16.313478469848633,1668124800
2022-11-14,16.281503677368164,1668384000
2022-11-15,16.65219497680664,1668470400
2022-11-16,15.89682388305664,1668556800
2022-11-17,15.664017677307129,1668643200
2022-11-18,15.396241188049316,1668729600
2022-11-21,15.304316520690918,1668988800
2022-11-22,16.024717330932617,1669075200
2022-11-23,16.505319595336914,1669161600
2022-11-25,16.256526947021484,1669334400
2022-11-28,15.813892364501953,1669593600
2022-11-29,15.626049041748047,1669680000
2022-11-30,16.91330909729004,1669766400
2022-12-01,17.12519073486328,1669852800
2022-12-02,16.866336822509766,1669939200
2022-12-05,16.600492477416992,1670198400
2022-12-06,15.977848052978516,1670284800
2022-12-07,16.11077308654785,1670371200
2022-12-08,17.15917205810547,1670457600
2022-12-09,16.99126625061035,1670544000
2022-12-12,17.524961471557617,1670803200
2022-12-13,18.061655044555664,1670889600
2022-12-14,17.663881301879883,1670976000
2022-12-15,16.94229507446289,1671062400
2022-12-16,16.56151580810547,1671148800
2022-12-19,16.244691848754883,1671408000
2022-12-20,16.07579231262207,1671494400
2022-12-21,16.491554260253906,1671580800
2022-12-22,15.330219268798828,1671667200
2022-12-23,15.197295188903809,1671753600
2022-12-27,14.112916946411133,1672099200
2022-12-28,14.02796459197998,1672185600
2022-12-29,14.594639778137207,1672272000
2022-12-30,14.605633735656738,1672358400
2023-01-03,14.306803703308105,1672704000
2023-01-04,14.740556716918945,1672790400
2023-01-05,14.256834983825684,1672876800
2023-01-06,14.850492477416992,1672963200
2023-01-09,15.619053840637207,1673222400
2023-01-10,15.89989185333252,1673308800
2023-01-11,15.991838455200195,1673395200
2023-01-12,16.50154685974121,1673481600
2023-01-13,16.88932228088379,1673568000
2023-01-17,17.691865921020508,1673913600
2023-01-18,17.367053985595703,1674000000
2023-01-19,16.755401611328125,1674086400
2023-01-20,17.828786849975586,1674172800
2023-01-23,19.1820125579834,1674432000
2023-01-24,19.253969192504883,1674518400
2023-01-25,19.311939239501953,1674604800
2023-01-26,19.79066276550293,1674691200
2023-01-27,20.35334014892578,1674777600
2023-01-30,19.151031494140625,1675036800
2023-01-31,19.52581787109375,1675123200
2023-02-01,20.93100929260254,1675209600
2023-02-02,21.696571350097656,1675296000
2023-02-03,21.087921142578125,1675382400
2023-02-06,21.076927185058594,1675641600
2023-02-07,22.16030502319336,1675728000
2023-02-08,22.19228744506836,1675814400
2023-02-09,22.3242130279541,1675900800
2023-02-10,21.252824783325195,1675987200
2023-02-13,21.775524139404297,1676246400
2023-02-14,22.957849502563477,1676332800
2023-02-15,22.750965118408203,1676419200
2023-02-16,21.989404678344727,1676505600
2023-02-17,21.375757217407227,1676592000
2023-02-21,20.64317512512207,1676937600
2023-02-22,20.742116928100586,1677024000
2023-02-23,23.65045166015625,1677110400
2023-02-24,23.272668838500977,1677196800
2023-02-27,23.4875431060791,1677456000
2023-02-28,23.202707290649414,1677542400
2023-03-01,22.68500518798828,1677628800
2023-03-02,23.30065155029297,1677715200
2023-03-03,23.87632179260254,1677801600
2023-03-06,23.540517807006836,1678060800
2023-03-07,23.27861976623535,1678147200
2023-03-08,24.171260833740234,1678233600
2023-03-09,23.426563262939453,1678320000
2023-03-10,22.95574951171875,1678406400
2023-03-13,22.956748962402344,1678665600
2023-03-14,24.053308486938477,1678752000
2023-03-15,24.218244552612305,1678838400
2023-03-16,25.53071403503418,1678924800
2023-03-17,25.71463966369629,1679011200
2023-03-20,25.889570236206055,1679270400
2023-03-21,26.18844985961914,1679356800
2023-03-22,26.457338333129883,1679443200
2023-03-23,27.1800479888916,1679529600
2023-03-24,26.76821517944336,1679616000
2023-03-27,26.520315170288086,1679875200
2023-03-28,26.399364471435547,1679961600
2023-03-29,26.973133087158203,1680048000
2023-03-30,27.371973037719727,1680134400
2023-03-31,27.76581382751465,1680220800
2023-04-03,27.9537353515625,1680480000
2023-04-04,27.441944122314453,1680566400
2023-04-05,26.87017250061035,1680652800
2023-04-06,27.026111602783203,1680739200
2023-04-10,27.56789207458496,1681084800
2023-04-11,27.158058166503906,1681171200
2023-04-12,26.484331130981445,1681257600
2023-04-13,26.452341079711914,1681344000
2023-04-14,26.747222900390625,1681430400
2023-04-17,26.991125106811523,1681689600
2023-04-18,27.65585708618164,1681776000
2023-04-19,27.919750213623047,1681862400
2023-04-20,27.09308624267578,1681948800
2023-04-21,27.108076095581055,1682035200
2023-04-24,27.031108856201172,1682294400
2023-04-25,26.230432510375977,1682380800
2023-04-26,26.94514274597168,1682467200
2023-04-27,27.21503448486328,1682553600
2023-04-28,27.737825393676758,1682640000
2023-05-01,28.898357391357422,1682899200
2023-05-02,28.198637008666992,1682985600
2023-05-03,27.790803909301758,1683072000
2023-05-04,27.550899505615234,1683158400
2023-05-05,28.66844940185547,1683244800
2023-05-08,29.139259338378906,1683504000
2023-05-09,28.559492111206055,1683590400
2023-05-10,28.873367309570312,1683676800
2023-05-11,28.56648826599121,1683763200
2023-05-12,28.32858657836914,1683849600
2023-05-15,28.94133758544922,1684108800
2023-05-16,29.201234817504883,1684195200
2023-05-17,30.165843963623047,1684281600
2023-05-18,31.665241241455078,1684368000
2023-05-19,31.251407623291016,1684454400
2023-05-22,31.163442611694336,1684713600
2023-05-23,30.67563819885254,1684800000
2023-05-24,30.525699615478516,1684886400
2023-05-25,37.96470260620117,1684972800
2023-05-26,38.93031311035156,1685059200
2023-05-30,40.094844818115234,1685404800
2023-05-31,37.81875991821289,1685491200
2023-06-01,39.75398254394531,1685577600
2023-06-02,39.311161041259766,1685664000
2023-06-05,39.15522766113281,1685923200
2023-06-06,38.638431549072266,1686009600
2023-06-07,37.463783264160156,1686096000
2023-06-08,38.49847412109375,1686182400
2023-06-09,38.75839614868164,1686268800
2023-06-12,39.470184326171875,1686528000
2023-06-13,41.00972366333008,1686614400
2023-06-14,42.984130859375,1686700800
2023-06-15,42.640235900878906,1686787200
2023-06-16,42.679222106933594,1686873600
2023-06-20,43.79488754272461,1687219200
2023-06-21,43.0321159362793,1687305600
2023-06-22,43.01212692260742,1687392000
2023-06-23,42.19636535644531,1687478400
2023-06-26,40.61983871459961,1687737600
2023-06-27,41.86346435546875,1687824000
2023-06-28,41.10469436645508,1687910400
2023-06-29,40.80978012084961,1687996800
2023-06-30,42.289337158203125,1688083200
2023-07-03,42.400306701660156,1688342400
2023-07-05,42.30433654785156,1688515200
2023-07-06,42.090396881103516,1688601600
2023-07-07,42.49027633666992,1688688000
2023-07-10,42.16737365722656,1688947200
2023-07-11,42.39230728149414,1689033600
2023-07-12,43.888858795166016,1689120000
2023-07-13,45.96324157714844,1689206400
2023-07-14,45.45539093017578,1689292800
2023-07-17,46.44709396362305,1689552000
2023-07-18,47.47978591918945,1689638400
2023-07-19,47.06290817260742,1689724800
2023-07-20,45.50637435913086,1689811200
2023-07-21,44.29573440551758,1689897600
2023-07-24,44.59864807128906,1690156800
2023-07-25,45.66532516479492,1690243200
2023-07-26,45.43839645385742,1690329600
2023-07-27,45.88626480102539,1690416000
2023-07-28,46.73600769042969,1690502400
2023-07-31,46.71501159667969,1690761600
2023-08-01,46.493080139160156,1690848000
2023-08-02,44.25575256347656,1690934400
2023-08-03,44.501678466796875,1691020800
2023-08-04,44.6666259765625,1691107200
2023-08-07,45.40340805053711,1691366400
2023-08-08,44.650634765625,1691452800
2023-08-09,42.541263580322266,1691539200
2023-08-10,42.37531280517578,1691625600
2023-08-11,40.8427734375,1691712000
2023-08-14,43.73990249633789,1691971200
2023-08-15,43.926849365234375,1692057600
2023-08-16,43.472984313964844,1692144000
2023-08-17,43.33102798461914,1692230400
2023-08-18,43.286041259765625,1692316800
2023-08-21,46.952945709228516,1692576000
2023-08-22,45.654335021972656,1692662400
2023-08-23,47.10190200805664,1692748800
2023-08-24,47.14888381958008,1692835200
2023-08-25,46.00422668457031,1692921600
2023-08-28,46.82098388671875,1693180800
2023-08-29,48.76940155029297,1693267200
2023-08-30,49.24925231933594,1693353600
2023-08-31,49.34022521972656,1693440000
2023-09-01,48.494483947753906,1693526400
2023-09-05,48.533470153808594,1693872000
2023-09-06,47.0507926940918,1693958400
2023-09-07,46.23096466064453,1694044800
2023-09-08,45.56211471557617,1694131200
2023-09-11,45.16819763183594,1694390400
2023-09-12,44.86026382446289,1694476800
2023-09-13,45.475135803222656,1694563200
2023-09-14,45.57111740112305,1694649600
2023-09-15,43.89047622680664,1694736000
2023-09-18,43.956459045410156,1694995200
2023-09-19,43.51055908203125,1695081600
2023-09-20,42.22983932495117,1695168000
2023-09-21,41.00810241699219,1695254400
2023-09-22,41.60097122192383,1695340800
2023-09-25,42.21284103393555,1695600000
2023-09-26,41.90190887451172,1695686400
2023-09-27,42.45878601074219,1695772800
2023-09-28,43.07965087890625,1695859200
2023-09-29,43.48956298828125,1695945600
2023-10-02,44.77228546142578,1696204800
2023-10-03,43.5075569152832,1696291200
2023-10-04,44.03144454956055,1696377600
2023-10-05,44.678306579589844,1696464000
2023-10-06,45.752071380615234,1696550400
2023-10-09,45.26317596435547,1696809600
2023-10-10,45.78806686401367,1696896000
2023-10-11,46.795841217041016,1696982400
2023-10-12,46.934814453125,1697068800
2023-10-13,45.451133728027344,1697155200
2023-10-16,46.08500289916992,1697414400
2023-10-17,43.928466796875,1697500800
2023-10-18,42.18684387207031,1697587200
2023-10-19,42.09186935424805,1697673600
2023-10-20,41.378021240234375,1697760000
2023-10-23,42.96567916870117,1698019200
2023-10-24,43.653526306152344,1698105600
2023-10-25,41.76993179321289,1698192000
2023-10-26,40.31725311279297,1698278400
2023-10-27,40.491214752197266,1698364800
2023-10-30,41.152069091796875,1698624000
2023-10-31,40.77115249633789,1698710400
2023-11-01,42.31582260131836,1698796800
2023-11-02,43.496559143066406,1698883200
2023-11-03,44.9952392578125,1698969600
2023-11-06,45.74107360839844,1699228800
2023-11-07,45.94503402709961,1699315200
2023-11-08,46.56389617919922,1699401600
2023-11-09,46.939815521240234,1699488000
2023-11-10,48.32451248168945,1699574400
2023-11-13,48.60945129394531,1699833600
2023-11-14,49.645225524902344,1699920000
2023-11-15,48.87739181518555,1700006400
2023-11-16,49.469268798828125,1700092800
2023-11-17,49.28730773925781,1700179200
2023-11-20,50.39806365966797,1700438400
2023-11-21,49.93316650390625,1700524800
2023-11-22,48.70542907714844,1700611200
2023-11-24,47.7656364440918,1700784000
2023-11-27,48.23153305053711,1701043200
2023-11-28,47.81062316894531,1701129600
2023-11-29,48.129554748535156,1701216000
2023-11-30,46.75985336303711,1701302400
2023-12-01,46.754852294921875,1701388800
2023-12-04,45.5001220703125,1701648000
2023-12-05,46.55998992919922,1701734400
2023-12-06,45.497127532958984,1701820800
2023-12-07,46.589988708496094,1701907200
2023-12-08,47.49987030029297,1701993600
2023-12-11,46.6209831237793,1702252800
2023-12-12,47.65085220336914,1702339200
2023-12-13,48.0817985534668,1702425600
2023-12-14,48.34375762939453,1702512000
2023-12-15,48.883689880371094,1702598400
2023-12-18,50.07053756713867,1702857600
2023-12-19,49.597599029541016,1702944000
2023-12-20,48.10478973388672,1703030400
2023-12-21,48.983680725097656,1703116800
2023-12-22,48.82370376586914,1703203200
2023-12-26,49.272640228271484,1703548800
2023-12-27,49.410621643066406,1703635200
2023-12-28,49.51560974121094,1703721600
2023-12-29,49.51560974121094,1703808000
2024-01-02,48.16178512573242,1704153600
2024-01-03,47.562862396240234,1704240000
2024-01-04,47.9918098449707,1704326400
2024-01-05,49.09066390991211,1704412800
2024-01-08,52.24625778198242,1704672000
2024-01-09,53.13314437866211,1704758400
2024-01-10,54.342987060546875,1704844800
2024-01-11,54.81492614746094,1704931200
2024-01-12,54.702938079833984,1705017600
2024-01-16,56.374725341796875,1705363200
2024-01-17,56.04576873779297,1705449600
2024-01-18,57.09962844848633,1705536000
2024-01-19,59.48332595825195,1705622400
2024-01-22,59.646305084228516,1705881600
2024-01-23,59.86527633666992,1705968000
2024-01-24,61.35408401489258,1706054400
2024-01-25,61.609046936035156,1706140800
2024-01-26,61.02312469482422,1706227200
2024-01-29,62.456939697265625,1706486400
2024-01-30,62.76589584350586,1706572800
2024-01-31,61.51905822753906,1706659200
2024-02-01,63.01886749267578,1706745600
2024-02-02,66.1514663696289,1706832000
2024-02-05,69.32305908203125,1707091200
2024-02-06,68.21420288085938,1707177600
2024-02-07,70.08995056152344,1707264000
2024-02-08,69.63201141357422,1707350400
2024-02-09,72.12369537353516,1707436800
2024-02-12,72.23867797851562,1707696000
2024-02-13,72.11869049072266,1707782400
2024-02-14,73.89046478271484,1707868800
2024-02-15,72.64862060546875,1707955200
2024-02-16,72.60363006591797,1708041600
2024-02-20,69.44303894042969,1708387200
2024-02-21,67.46329498291016,1708473600
2024-02-22,78.52786254882812,1708560000
2024-02-23,78.80682373046875,1708646400
2024-02-26,79.08180236816406,1708905600
2024-02-27,78.69084167480469,1708992000
2024-02-28,77.65298461914062,1709078400
2024-02-29,79.10179138183594,1709164800
2024-03-01,82.26837921142578,1709251200
2024-03-04,85.22599792480469,1709510400
2024-03-05,85.95693969726562,1709596800
2024-03-06,88.69271087646484,1709683200
2024-03-07,92.66138458251953,1709769600
2024-03-08,87.52081298828125,1709856000
2024-03-11,85.76696014404297,1710115200
2024-03-12,91.90544891357422,1710201600
2024-03-13,90.88053894042969,1710288000
2024-03-14,87.93677520751953,1710374400
2024-03-15,87.82978057861328,1710460800
2024-03-18,88.44773864746094,1710720000
2024-03-19,89.39066314697266,1710806400
2024-03-20,90.36457824707031,1710892800
2024-03-21,91.427490234375,1710979200
2024-03-22,94.28125762939453,1711065600
2024-03-25,94.99419403076172,1711324800
2024-03-26,92.55339813232422,1711411200
2024-03-27,90.24258422851562,1711497600
2024-03-28,90.34857940673828,1711584000
2024-04-01,90.35557556152344,1711929600
2024-04-02,89.44465637207031,1712016000
2024-04-03,88.9566879272461,1712102400
2024-04-04,85.89794158935547,1712188800
2024-04-05,88.00077819824219,1712275200
2024-04-08,87.12584686279297,1712534400
2024-04-09,85.34698486328125,1712620800
2024-04-10,87.03185272216797,1712707200
2024-04-11,90.60855102539062,1712793600
2024-04-12,88.17875671386719,1712880000
2024-04-15,85.99393463134766,1713139200
2024-04-16,87.40782165527344,1713225600
2024-04-17,84.0280990600586,1713312000
2024-04-18,84.6640396118164,1713398400
2024-04-19,76.19374084472656,1713484800
2024-04-22,79.51146697998047,1713744000
2024-04-23,82.41622924804688,1713830400
2024-04-24,79.67045593261719,1713916800
2024-04-25,82.62521362304688,1714003200
2024-04-26,87.72779083251953,1714089600
2024-04-29,87.74979400634766,1714348800
2024-04-30,86.39490509033203,1714435200
2024-05-01,83.0341796875,1714521600
2024-05-02,85.80995178222656,1714608000
2024-05-03,88.78170776367188,1714694400
2024-05-06,92.13243103027344,1714953600
2024-05-07,90.54656219482422,1715040000
2024-05-08,90.40457916259766,1715126400
2024-05-09,88.73971557617188,1715212800
2024-05-10,89.87061309814453,1715299200
2024-05-13,90.3915786743164,1715558400
2024-05-14,91.34849548339844,1715644800
2024-05-15,94.62222290039062,1715731200
2024-05-16,94.35124969482422,1715817600
2024-05-17,92.47139739990234,1715904000
2024-05-20,94.772216796875,1716163200
2024-05-21,95.37816619873047,1716249600
2024-05-22,94.94219970703125,1716336000
2024-05-23,103.79048156738281,1716422400
2024-05-24,106.46025848388672,1716508800
2024-05-28,113.89164733886719,1716854400
2024-05-29,114.81556701660156,1716940800
2024-05-30,110.49092102050781,1717027200